"","event","actual"
"1","?","OTHER"
"2","ABNORMAL WARMTH","HEAT"
"3","ABNORMALLY DRY","DRY"
"4","ABNORMALLY WET","WET"
"5","ACCUMULATED SNOWFALL","ACCUMULATED SNOWFALL"
"6","AGRICULTURAL FREEZE","AGRICULTURAL FREEZE"
"7","APACHE COUNTY","OTHER"
"8","ASTRONOMICAL HIGH TIDE","ASTRONOMICAL HIGH TIDE"
"9","ASTRONOMICAL LOW TIDE","ASTRONOMICAL LOW TIDE"
"10","AVALANCE","AVALANCHE"
"11","AVALANCHE","AVALANCHE"
"12","BEACH EROSIN","BEACH EROSION"
"13","BEACH EROSION","BEACH EROSION"
"14","BEACH EROSION/COASTAL FLOOD","BEACH EROSION"
"15","BEACH FLOOD","BEACH FLOOD"
"16","BELOW NORMAL PRECIPITATION","BELOW NORMAL PRECIPITATION"
"17","BITTER WIND CHILL","COLD/WIND CHILL"
"18","BITTER WIND CHILL TEMPERATURES","COLD/WIND CHILL"
"19","BLACK ICE","BLACK ICE"
"20","BLIZZARD","BLIZZARD"
"21","BLIZZARD AND EXTREME WIND CHIL","BLIZZARD"
"22","BLIZZARD AND HEAVY SNOW","BLIZZARD"
"23","BLIZZARD SUMMARY","BLIZZARD"
"24","BLIZZARD WEATHER","BLIZZARD"
"25","BLIZZARD/FREEZING RAIN","BLIZZARD"
"26","BLIZZARD/HEAVY SNOW","BLIZZARD"
"27","BLIZZARD/HIGH WIND","BLIZZARD"
"28","BLIZZARD/WINTER STORM","BLIZZARD"
"29","BLOW-OUT TIDE","BLOW-OUT TIDE"
"30","BLOW-OUT TIDES","BLOW-OUT TIDE"
"31","BLOWING DUST","BLOWING DUST"
"32","BLOWING SNOW","BLOWING SNOW"
"33","BLOWING SNOW & EXTREME WIND CH","BLOWING SNOW"
"34","BLOWING SNOW- EXTREME WIND CHI","BLOWING SNOW"
"35","BLOWING SNOW/EXTREME WIND CHIL","BLOWING SNOW"
"36","BREAKUP FLOODING","BREAKUP FLOODING"
"37","BRUSH FIRE","BRUSH FIRE"
"38","BRUSH FIRES","BRUSH FIRE"
"39","COASTAL  FLOODING/EROSION","COASTAL FLOODING/EROSION"
"40","COASTAL EROSION","COASTAL FLOODING/EROSION"
"41","COASTAL FLOOD","COASTAL FLOODING/EROSION"
"42","COASTAL FLOODING","COASTAL FLOODING/EROSION"
"43","COASTAL FLOODING/EROSION","COASTAL FLOODING/EROSION"
"44","COASTAL STORM","COASTAL STORM"
"45","COASTAL SURGE","COASTAL SURGE"
"46","COASTAL/TIDAL FLOOD","COASTAL/TIDAL FLOOD"
"47","COASTALFLOOD","COASTAL FLOODING/EROSION"
"48","COASTALSTORM","COASTAL STORM"
"49","COLD","COLD/WIND CHILL"
"50","COLD AIR FUNNEL","COLD AIR FUNNEL"
"51","COLD AIR FUNNELS","COLD AIR FUNNEL"
"52","COLD AIR TORNADO","COLD AIR TORNADO"
"53","COLD AND FROST","COLD AND FROST"
"54","COLD AND SNOW","COLD AND SNOW"
"55","COLD AND WET CONDITIONS","COLD AND WET CONDITIONS"
"56","COLD TEMPERATURE","COLD/WIND CHILL"
"57","COLD TEMPERATURES","COLD/WIND CHILL"
"58","COLD WAVE","COLD WAVE"
"59","COLD WEATHER","COLD/WIND CHILL"
"60","COLD WIND CHILL TEMPERATURES","COLD/WIND CHILL"
"61","COLD/WIND CHILL","COLD/WIND CHILL"
"62","COLD/WINDS","COLD/WIND CHILL"
"63","COOL AND WET","COOL AND WET"
"64","COOL SPELL","COOL SPELL"
"65","CSTL FLOODING/EROSION","COASTAL FLOODING/EROSION"
"66","DAM BREAK","DAM BREAK"
"67","DAM FAILURE","DAM FAILURE"
"68","DAMAGING FREEZE","DAMAGING FREEZE"
"69","DEEP HAIL","DEEP HAIL"
"70","DENSE FOG","DENSE FOG"
"71","DENSE SMOKE","DENSE SMOKE"
"72","DOWNBURST","DOWNBURST WINDS"
"73","DOWNBURST WINDS","DOWNBURST WINDS"
"74","DRIEST MONTH","DRIEST MONTH"
"75","DRIFTING SNOW","DRIFTING SNOW"
"76","DROUGHT","DROUGHT"
"77","DROUGHT/EXCESSIVE HEAT","DROUGHT"
"78","DROWNING","DROWNING"
"79","DRY","DRY WEATHER"
"80","DRY CONDITIONS","DRY WEATHER"
"81","DRY HOT WEATHER","DRY WEATHER"
"82","DRY MICROBURST","DRY MICROBURST"
"83","DRY MICROBURST 50","DRY MICROBURST"
"84","DRY MICROBURST 53","DRY MICROBURST"
"85","DRY MICROBURST 58","DRY MICROBURST"
"86","DRY MICROBURST 61","DRY MICROBURST"
"87","DRY MICROBURST 84","DRY MICROBURST"
"88","DRY MICROBURST WINDS","DRY MICROBURST"
"89","DRY MIRCOBURST WINDS","DRY MICROBURST"
"90","DRY PATTERN","DRY WEATHER"
"91","DRY SPELL","DRY WEATHER"
"92","DRY WEATHER","DRY WEATHER"
"93","DRYNESS","DRY WEATHER"
"94","DUST DEVEL","DUST DEVIL"
"95","DUST DEVIL","DUST DEVIL"
"96","DUST DEVIL WATERSPOUT","DUST DEVIL"
"97","DUST STORM","DUST STORM"
"98","DUST STORM/HIGH WINDS","DUST STORM"
"99","DUSTSTORM","DUST STORM"
"100","EARLY FREEZE","EARLY FREEZE"
"101","EARLY FROST","EARLY FREEZE"
"102","EARLY RAIN","EARLY RAIN"
"103","EARLY SNOW","EARLY SNOW"
"104","EARLY SNOWFALL","EARLY SNOW"
"105","EROSION/CSTL FLOOD","COASTAL FLOODING/EROSION"
"106","EXCESSIVE","EXCESSIVE"
"107","EXCESSIVE COLD","EXCESSIVE COLD"
"108","EXCESSIVE HEAT","HEAT"
"109","EXCESSIVE HEAT/DROUGHT","HEAT"
"110","EXCESSIVE PRECIPITATION","EXCESSIVE RAIN"
"111","EXCESSIVE RAIN","EXCESSIVE RAIN"
"112","EXCESSIVE RAINFALL","EXCESSIVE RAIN"
"113","EXCESSIVE SNOW","EXCESSIVE SNOW"
"114","EXCESSIVE WETNESS","EXCESSIVE WETNESS"
"115","EXCESSIVELY DRY","DRY"
"116","EXTENDED COLD","EXTENDED COLD"
"117","EXTREME COLD","EXTREME COLD"
"118","EXTREME COLD/WIND CHILL","EXTREME COLD"
"119","EXTREME HEAT","HEAT"
"120","EXTREME WIND CHILL","EXTREME COLD"
"121","EXTREME WIND CHILL/BLOWING SNO","EXTREME COLD"
"122","EXTREME WIND CHILLS","EXTREME COLD"
"123","EXTREME WINDCHILL","EXTREME COLD"
"124","EXTREME WINDCHILL TEMPERATURES","EXTREME COLD"
"125","EXTREME/RECORD COLD","EXTREME COLD"
"126","EXTREMELY WET","EXTREMELY WET"
"127","FALLING SNOW/ICE","FALLING SNOW/ICE"
"128","FIRST FROST","FIRST FROST"
"129","FIRST SNOW","FIRST SNOW"
"130","FLASH FLOOD","FLASH FLOOD"
"131","FLASH FLOOD - HEAVY RAIN","FLASH FLOOD"
"132","FLASH FLOOD FROM ICE JAMS","FLASH FLOOD"
"133","FLASH FLOOD LANDSLIDES","FLASH FLOOD"
"134","FLASH FLOOD WINDS","FLASH FLOOD"
"135","FLASH FLOOD/","FLASH FLOOD"
"136","FLASH FLOOD/ FLOOD","FLASH FLOOD"
"137","FLASH FLOOD/ STREET","FLASH FLOOD"
"138","FLASH FLOOD/FLOOD","FLASH FLOOD"
"139","FLASH FLOOD/HEAVY RAIN","FLASH FLOOD"
"140","FLASH FLOOD/LANDSLIDE","FLASH FLOOD"
"141","FLASH FLOODING","FLASH FLOOD"
"142","FLASH FLOODING/FLOOD","FLASH FLOOD"
"143","FLASH FLOODING/THUNDERSTORM WI","FLASH FLOOD"
"144","FLASH FLOODS","FLASH FLOOD"
"145","FLASH FLOOODING","FLASH FLOOD"
"146","FLOOD","FLOOD"
"147","FLOOD & HEAVY RAIN","FLOOD"
"148","FLOOD FLASH","FLASH FLOOD"
"149","FLOOD FLOOD/FLASH","FLASH FLOOD"
"150","FLOOD WATCH/","FLASH FLOOD"
"151","FLOOD/FLASH","FLASH FLOOD"
"152","FLOOD/FLASH FLOOD","FLASH FLOOD"
"153","FLOOD/FLASH FLOODING","FLASH FLOOD"
"154","FLOOD/FLASH/FLOOD","FLASH FLOOD"
"155","FLOOD/FLASHFLOOD","FLASH FLOOD"
"156","FLOOD/RAIN/WIND","FLOOD"
"157","FLOOD/RAIN/WINDS","FLOOD"
"158","FLOOD/RIVER FLOOD","FLOOD"
"159","FLOOD/STRONG WIND","FLOOD"
"160","FLOODING","FLOOD"
"161","FLOODING/HEAVY RAIN","FLOOD"
"162","FLOODS","FLOOD"
"163","FOG","FOG"
"164","FOG AND COLD TEMPERATURES","FOG"
"165","FOREST FIRES","WILD/FOREST FIRE"
"166","FREEZE","FREEZE"
"167","FREEZING DRIZZLE","FREEZE"
"168","FREEZING DRIZZLE AND FREEZING","FREEZE"
"169","FREEZING FOG","FREEZING FOG"
"170","FREEZING RAIN","FREEZING RAIN"
"171","FREEZING RAIN AND SLEET","FREEZING RAIN"
"172","FREEZING RAIN AND SNOW","FREEZING RAIN"
"173","FREEZING RAIN SLEET AND","FREEZING RAIN"
"174","FREEZING RAIN SLEET AND LIGHT","FREEZING RAIN"
"175","FREEZING RAIN/SLEET","FREEZING RAIN"
"176","FREEZING RAIN/SNOW","FREEZING RAIN"
"177","FREEZING SPRAY","FREEZING SPRAY"
"178","FROST","FREEZE"
"179","FROST/FREEZE","FREEZE"
"180","FROST\FREEZE","FREEZE"
"181","FUNNEL","FUNNEL CLOUD"
"182","FUNNEL CLOUD","FUNNEL CLOUD"
"183","FUNNEL CLOUD.","FUNNEL CLOUD"
"184","FUNNEL CLOUD/HAIL","FUNNEL CLOUD"
"185","FUNNEL CLOUDS","FUNNEL CLOUD"
"186","FUNNELS","FUNNEL CLOUD"
"187","GLAZE","GLAZE"
"188","GLAZE ICE","GLAZE"
"189","GLAZE/ICE STORM","GLAZE"
"190","GRADIENT WIND","GRADIENT WIND"
"191","GRADIENT WINDS","GRADIENT WIND"
"192","GRASS FIRES","GRASS FIRES"
"193","GROUND BLIZZARD","GROUND BLIZZARD"
"194","GUSTNADO","GUSTNADO"
"195","GUSTNADO AND","GUSTNADO"
"196","GUSTY LAKE WIND","GUSTY LAKE WIND"
"197","GUSTY THUNDERSTORM WIND","GUSTY THUNDERSTORM WIND"
"198","GUSTY THUNDERSTORM WINDS","GUSTY THUNDERSTORM WIND"
"199","GUSTY WIND","GUSTY WIND"
"200","GUSTY WIND/HAIL","GUSTY WIND"
"201","GUSTY WIND/HVY RAIN","GUSTY WIND"
"202","GUSTY WIND/RAIN","GUSTY WIND"
"203","GUSTY WINDS","GUSTY WIND"
"204","HAIL","HAIL"
"205","HAIL 0.75","HAIL"
"206","HAIL 0.88","HAIL"
"207","HAIL 075","HAIL"
"208","HAIL 088","HAIL"
"209","HAIL 1.00","HAIL"
"210","HAIL 1.75","HAIL"
"211","HAIL 1.75)","HAIL"
"212","HAIL 100","HAIL"
"213","HAIL 125","HAIL"
"214","HAIL 150","HAIL"
"215","HAIL 175","HAIL"
"216","HAIL 200","HAIL"
"217","HAIL 225","HAIL"
"218","HAIL 275","HAIL"
"219","HAIL 450","HAIL"
"220","HAIL 75","HAIL"
"221","HAIL 80","HAIL"
"222","HAIL 88","HAIL"
"223","HAIL ALOFT","HAIL"
"224","HAIL DAMAGE","HAIL"
"225","HAIL FLOODING","HAIL"
"226","HAIL STORM","HAIL"
"227","HAIL(0.75)","HAIL"
"228","HAIL/ICY ROADS","HAIL"
"229","HAIL/WIND","HAIL"
"230","HAIL/WINDS","HAIL"
"231","HAILSTORM","HAIL"
"232","HAILSTORMS","HAIL"
"233","HARD FREEZE","HARD FREEZE"
"234","HAZARDOUS SURF","HAZARDOUS SURF"
"235","HEAT","HEAT"
"236","HEAT DROUGHT","HEAT"
"237","HEAT WAVE","HEAT"
"238","HEAT WAVE DROUGHT","HEAT"
"239","HEAT WAVES","HEAT"
"240","HEAT/DROUGHT","HEAT"
"241","HEATBURST","HEAT"
"242","HEAVY LAKE SNOW","HEAVY LAKE SNOW"
"243","HEAVY MIX","HEAVY MIX"
"244","HEAVY PRECIPATATION","HEAVY RAIN"
"245","HEAVY PRECIPITATION","HEAVY RAIN"
"246","HEAVY RAIN","HEAVY RAIN"
"247","HEAVY RAIN AND FLOOD","HEAVY RAIN"
"248","HEAVY RAIN AND WIND","HEAVY RAIN"
"249","HEAVY RAIN EFFECTS","HEAVY RAIN"
"250","HEAVY RAIN/FLOODING","HEAVY RAIN"
"251","HEAVY RAIN/HIGH SURF","HEAVY RAIN"
"252","HEAVY RAIN/LIGHTNING","HEAVY RAIN"
"253","HEAVY RAIN/MUDSLIDES/FLOOD","HEAVY RAIN"
"254","HEAVY RAIN/SEVERE WEATHER","HEAVY RAIN"
"255","HEAVY RAIN/SMALL STREAM URBAN","HEAVY RAIN"
"256","HEAVY RAIN/SNOW","HEAVY RAIN"
"257","HEAVY RAIN/URBAN FLOOD","HEAVY RAIN"
"258","HEAVY RAIN/WIND","HEAVY RAIN"
"259","HEAVY RAIN; URBAN FLOOD WINDS;","HEAVY RAIN"
"260","HEAVY RAINFALL","HEAVY RAIN"
"261","HEAVY RAINS","HEAVY RAIN"
"262","HEAVY RAINS/FLOODING","HEAVY RAIN"
"263","HEAVY SEAS","HEAVY SEAS"
"264","HEAVY SHOWER","HEAVY RAIN"
"265","HEAVY SHOWERS","HEAVY RAIN"
"266","HEAVY SNOW","HEAVY SNOW"
"267","HEAVY SNOW   FREEZING RAIN","HEAVY SNOW"
"268","HEAVY SNOW & ICE","HEAVY SNOW"
"269","HEAVY SNOW AND","HEAVY SNOW"
"270","HEAVY SNOW AND HIGH WINDS","HEAVY SNOW"
"271","HEAVY SNOW AND ICE","HEAVY SNOW"
"272","HEAVY SNOW AND ICE STORM","HEAVY SNOW"
"273","HEAVY SNOW AND STRONG WINDS","HEAVY SNOW"
"274","HEAVY SNOW ANDBLOWING SNOW","HEAVY SNOW"
"275","HEAVY SNOW SHOWER","HEAVY SNOW"
"276","HEAVY SNOW SQUALLS","HEAVY SNOW"
"277","HEAVY SNOW-SQUALLS","HEAVY SNOW"
"278","HEAVY SNOW/BLIZZARD","HEAVY SNOW"
"279","HEAVY SNOW/BLIZZARD/AVALANCHE","HEAVY SNOW"
"280","HEAVY SNOW/BLOWING SNOW","HEAVY SNOW"
"281","HEAVY SNOW/FREEZING RAIN","HEAVY SNOW"
"282","HEAVY SNOW/HIGH","HEAVY SNOW"
"283","HEAVY SNOW/HIGH WIND","HEAVY SNOW"
"284","HEAVY SNOW/HIGH WINDS","HEAVY SNOW"
"285","HEAVY SNOW/HIGH WINDS & FLOOD","HEAVY SNOW"
"286","HEAVY SNOW/HIGH WINDS/FREEZING","HEAVY SNOW"
"287","HEAVY SNOW/ICE","HEAVY SNOW"
"288","HEAVY SNOW/ICE STORM","HEAVY SNOW"
"289","HEAVY SNOW/SLEET","HEAVY SNOW"
"290","HEAVY SNOW/SQUALLS","HEAVY SNOW"
"291","HEAVY SNOW/WIND","HEAVY SNOW"
"292","HEAVY SNOW/WINTER STORM","HEAVY SNOW"
"293","HEAVY SNOWPACK","HEAVY SNOW"
"294","HEAVY SURF","HEAVY SURF"
"295","HEAVY SURF AND WIND","HEAVY SURF"
"296","HEAVY SURF COASTAL FLOODING","HEAVY SURF"
"297","HEAVY SURF/HIGH SURF","HEAVY SURF"
"298","HEAVY SWELLS","HEAVY SWELLS"
"299","HEAVY WET SNOW","HEAVY SNOW"
"300","HIGH","HIGH"
"301","HIGH  SWELLS","HEAVY SWELLS"
"302","HIGH  WINDS","HIGH WIND"
"303","HIGH SEAS","HIGH SEAS"
"304","HIGH SURF","HEAVY SURF"
"305","HIGH SURF ADVISORIES","HEAVY SURF"
"306","HIGH SURF ADVISORY","HEAVY SURF"
"307","HIGH SWELLS","HEAVY SWELLS"
"308","HIGH TEMPERATURE RECORD","HIGH TEMPERATURE RECORD"
"309","HIGH TIDES","HIGH TIDES"
"310","HIGH WATER","HIGH WATER"
"311","HIGH WAVES","HIGH WAVES"
"312","HIGH WIND","HIGH WIND"
"313","HIGH WIND (G40)","HIGH WIND"
"314","HIGH WIND 48","HIGH WIND"
"315","HIGH WIND 63","HIGH WIND"
"316","HIGH WIND 70","HIGH WIND"
"317","HIGH WIND AND HEAVY SNOW","HIGH WIND"
"318","HIGH WIND AND HIGH TIDES","HIGH WIND"
"319","HIGH WIND AND SEAS","HIGH WIND"
"320","HIGH WIND DAMAGE","HIGH WIND"
"321","HIGH WIND/ BLIZZARD","HIGH WIND"
"322","HIGH WIND/BLIZZARD","HIGH WIND"
"323","HIGH WIND/BLIZZARD/FREEZING RA","HIGH WIND"
"324","HIGH WIND/HEAVY SNOW","HIGH WIND"
"325","HIGH WIND/LOW WIND CHILL","HIGH WIND"
"326","HIGH WIND/SEAS","HIGH WIND"
"327","HIGH WIND/WIND CHILL","HIGH WIND"
"328","HIGH WIND/WIND CHILL/BLIZZARD","HIGH WIND"
"329","HIGH WINDS","HIGH WIND"
"330","HIGH WINDS 55","HIGH WIND"
"331","HIGH WINDS 57","HIGH WIND"
"332","HIGH WINDS 58","HIGH WIND"
"333","HIGH WINDS 63","HIGH WIND"
"334","HIGH WINDS 66","HIGH WIND"
"335","HIGH WINDS 67","HIGH WIND"
"336","HIGH WINDS 73","HIGH WIND"
"337","HIGH WINDS 76","HIGH WIND"
"338","HIGH WINDS 80","HIGH WIND"
"339","HIGH WINDS 82","HIGH WIND"
"340","HIGH WINDS AND WIND CHILL","HIGH WIND"
"341","HIGH WINDS DUST STORM","HIGH WIND"
"342","HIGH WINDS HEAVY RAINS","HIGH WIND"
"343","HIGH WINDS/","HIGH WIND"
"344","HIGH WINDS/COASTAL FLOOD","HIGH WIND"
"345","HIGH WINDS/COLD","HIGH WIND"
"346","HIGH WINDS/FLOODING","HIGH WIND"
"347","HIGH WINDS/HEAVY RAIN","HIGH WIND"
"348","HIGH WINDS/SNOW","HIGH WIND"
"349","HIGHWAY FLOODING","HIGHWAY FLOODING"
"350","HOT AND DRY","HEAT"
"351","HOT PATTERN","HEAT"
"352","HOT SPELL","HEAT"
"353","HOT WEATHER","HEAT"
"354","HOT/DRY PATTERN","HEAT"
"355","HURRICANE","HURRICANE"
"356","HURRICANE EDOUARD","HURRICANE"
"357","HURRICANE EMILY","HURRICANE"
"358","HURRICANE ERIN","HURRICANE"
"359","HURRICANE FELIX","HURRICANE"
"360","HURRICANE GORDON","HURRICANE"
"361","HURRICANE OPAL","HURRICANE"
"362","HURRICANE OPAL/HIGH WINDS","HURRICANE"
"363","HURRICANE-GENERATED SWELLS","HURRICANE"
"364","HURRICANE/TYPHOON","HURRICANE"
"365","HVY RAIN","HEAVY RAIN"
"366","HYPERTHERMIA/EXPOSURE","HYPOTHERMIA"
"367","HYPOTHERMIA","HYPOTHERMIA"
"368","HYPOTHERMIA/EXPOSURE","HYPOTHERMIA"
"369","ICE","ICE"
"370","ICE AND SNOW","ICE"
"371","ICE FLOES","ICE"
"372","ICE FOG","ICE"
"373","ICE JAM","ICE"
"374","ICE JAM FLOOD (MINOR","ICE"
"375","ICE JAM FLOODING","ICE"
"376","ICE ON ROAD","ICE"
"377","ICE PELLETS","ICE"
"378","ICE ROADS","ICE"
"379","ICE STORM","ICE STORM"
"380","ICE STORM AND SNOW","ICE STORM"
"381","ICE STORM/FLASH FLOOD","ICE STORM"
"382","ICE/SNOW","ICE"
"383","ICE/STRONG WINDS","ICE"
"384","ICESTORM/BLIZZARD","ICE STORM"
"385","ICY ROADS","ICY ROADS"
"386","LACK OF SNOW","LACK OF SNOW"
"387","LAKE EFFECT SNOW","LAKE EFFECT SNOW"
"388","LAKE FLOOD","LAKESHORE FLOOD"
"389","LAKE-EFFECT SNOW","LAKE EFFECT SNOW"
"390","LAKESHORE FLOOD","LAKESHORE FLOOD"
"391","LANDSLIDE","LANDSLIDE"
"392","LANDSLIDE/URBAN FLOOD","LANDSLIDE"
"393","LANDSLIDES","LANDSLIDE"
"394","LANDSLUMP","LANDSLUMP"
"395","LANDSPOUT","LANDSPOUT"
"396","LARGE WALL CLOUD","LARGE WALL CLOUD"
"397","LATE FREEZE","LATE FREEZE"
"398","LATE SEASON HAIL","LATE SEASON HAIL"
"399","LATE SEASON SNOW","LATE SEASON SNOW"
"400","LATE SEASON SNOWFALL","LATE SEASON SNOW"
"401","LATE SNOW","LATE SEASON SNOW"
"402","LATE-SEASON SNOWFALL","LATE SEASON SNOW"
"403","LIGHT FREEZING RAIN","LIGHT FREEZING RAIN"
"404","LIGHT SNOW","LIGHT SNOW"
"405","LIGHT SNOW AND SLEET","LIGHT SNOW"
"406","LIGHT SNOW/FLURRIES","LIGHT SNOW"
"407","LIGHT SNOW/FREEZING PRECIP","LIGHT SNOW"
"408","LIGHT SNOWFALL","LIGHT SNOW"
"409","LIGHTING","LIGHTNING"
"410","LIGHTNING","LIGHTNING"
"411","LIGHTNING  WAUSEON","LIGHTNING"
"412","LIGHTNING AND HEAVY RAIN","LIGHTNING"
"413","LIGHTNING AND THUNDERSTORM WIN","LIGHTNING"
"414","LIGHTNING AND WINDS","LIGHTNING"
"415","LIGHTNING DAMAGE","LIGHTNING"
"416","LIGHTNING FIRE","LIGHTNING"
"417","LIGHTNING INJURY","LIGHTNING"
"418","LIGHTNING THUNDERSTORM WINDS","LIGHTNING"
"419","LIGHTNING THUNDERSTORM WINDSS","LIGHTNING"
"420","LIGHTNING.","LIGHTNING"
"421","LIGHTNING/HEAVY RAIN","LIGHTNING"
"422","LIGNTNING","LIGHTNING"
"423","LOCAL FLASH FLOOD","FLASH FLOOD"
"424","LOCAL FLOOD","FLOOD"
"425","LOCALLY HEAVY RAIN","HEAVY RAIN"
"426","LOW TEMPERATURE","COLD/WIND CHILL"
"427","LOW TEMPERATURE RECORD","COLD/WIND CHILL"
"428","LOW WIND CHILL","COLD/WIND CHILL"
"429","MAJOR FLOOD","FLOOD"
"430","MARINE ACCIDENT","MARINE ACCIDENT"
"431","MARINE HAIL","MARINE HAIL"
"432","MARINE HIGH WIND","MARINE HIGH WIND"
"433","MARINE MISHAP","MARINE MISHAP"
"434","MARINE STRONG WIND","MARINE STRONG WIND"
"435","MARINE THUNDERSTORM WIND","MARINE THUNDERSTORM WIND"
"436","MARINE TSTM WIND","MARINE THUNDERSTORM WIND"
"437","METRO STORM, MAY 26","STORM"
"438","MICROBURST","MICROBURST"
"439","MICROBURST WINDS","MICROBURST"
"440","MILD AND DRY PATTERN","MILD AND DRY PATTERN"
"441","MILD PATTERN","MILD AND DRY PATTERN"
"442","MILD/DRY PATTERN","MILD AND DRY PATTERN"
"443","MINOR FLOOD","FLOOD"
"444","MINOR FLOODING","FLOOD"
"445","MIXED PRECIP","MIXED PRECIPITATION"
"446","MIXED PRECIPITATION","MIXED PRECIPITATION"
"447","MODERATE SNOW","MODERATE SNOW"
"448","MODERATE SNOWFALL","MODERATE SNOW"
"449","MONTHLY PRECIPITATION","MONTHLY PRECIPITATION"
"450","MONTHLY RAINFALL","MONTHLY PRECIPITATION"
"451","MONTHLY SNOWFALL","MONTHLY SNOWFALL"
"452","MONTHLY TEMPERATURE","MONTHLY TEMPERATURE"
"453","MOUNTAIN SNOWS","MOUNTAIN SNOWS"
"454","MUD SLIDE","MUD SLIDE"
"455","MUD SLIDES","MUD SLIDE"
"456","MUD SLIDES URBAN FLOODING","MUD SLIDE"
"457","MUD/ROCK SLIDE","MUD SLIDE"
"458","MUDSLIDE","MUD SLIDE"
"459","MUDSLIDE/LANDSLIDE","MUD SLIDE"
"460","MUDSLIDES","MUD SLIDE"
"461","NEAR RECORD SNOW","SNOW"
"462","NO SEVERE WEATHER","WEATHER"
"463","NON SEVERE HAIL","HAIL"
"464","NON TSTM WIND","WIND"
"465","NON-SEVERE WIND DAMAGE","WIND"
"466","NON-TSTM WIND","WIND"
"467","NONE","NONE"
"468","NORMAL PRECIPITATION","RAIN"
"469","NORTHERN LIGHTS","NORTHERN LIGHTS"
"470","OTHER","OTHER"
"471","PATCHY DENSE FOG","PATCHY DENSE FOG"
"472","PATCHY ICE","PATCHY ICE"
"473","PROLONG COLD","PROLONG COLD"
"474","PROLONG COLD/SNOW","PROLONG COLD"
"475","PROLONG WARMTH","PROLONG WARMTH"
"476","PROLONGED RAIN","PROLONGED RAIN"
"477","RAIN","RAIN"
"478","RAIN (HEAVY)","HEAVY RAIN"
"479","RAIN AND WIND","RAIN"
"480","RAIN DAMAGE","RAIN"
"481","RAIN/SNOW","RAIN"
"482","RAIN/WIND","RAIN"
"483","RAINSTORM","RAIN"
"484","RAPIDLY RISING WATER","RAPIDLY RISING WATER"
"485","RECORD  COLD","COLD/WIND CHILL"
"486","RECORD COLD","COLD/WIND CHILL"
"487","RECORD COLD AND HIGH WIND","COLD/WIND CHILL"
"488","RECORD COLD/FROST","COLD/WIND CHILL"
"489","RECORD COOL","COLD/WIND CHILL"
"490","RECORD DRY MONTH","RECORD DRYNESS"
"491","RECORD DRYNESS","RECORD DRYNESS"
"492","RECORD HEAT","RECORD HEAT"
"493","RECORD HEAT WAVE","RECORD HEAT"
"494","RECORD HIGH","RECORD HIGH TEMPERATURES"
"495","RECORD HIGH TEMPERATURE","RECORD HIGH TEMPERATURES"
"496","RECORD HIGH TEMPERATURES","RECORD HIGH TEMPERATURES"
"497","RECORD LOW","RECORD LOW"
"498","RECORD LOW RAINFALL","RECORD LOW RAINFALL"
"499","RECORD MAY SNOW","SNOW"
"500","RECORD PRECIPITATION","HEAVY RAIN"
"501","RECORD RAINFALL","HEAVY RAIN"
"502","RECORD SNOW","SNOW"
"503","RECORD SNOW/COLD","COLD/WIND CHILL"
"504","RECORD SNOWFALL","SNOW"
"505","RECORD TEMPERATURE","RECORD TEMPERATURES"
"506","RECORD TEMPERATURES","RECORD TEMPERATURES"
"507","RECORD WARM","HEAT"
"508","RECORD WARM TEMPS.","HEAT"
"509","RECORD WARMTH","HEAT"
"510","RECORD WINTER SNOW","RECORD WINTER SNOW"
"511","RECORD/EXCESSIVE HEAT","HEAT"
"512","RECORD/EXCESSIVE RAINFALL","EXCESSIVE RAIN"
"513","RED FLAG CRITERIA","RED FLAG CRITERIA"
"514","RED FLAG FIRE WX","RED FLAG FIRE WX"
"515","REMNANTS OF FLOYD","REMNANTS OF FLOYD"
"516","RIP CURRENT","RIP CURRENT"
"517","RIP CURRENTS","RIP CURRENT"
"518","RIP CURRENTS HEAVY SURF","RIP CURRENT"
"519","RIP CURRENTS/HEAVY SURF","RIP CURRENT"
"520","RIVER AND STREAM FLOOD","RIVER FLOOD"
"521","RIVER FLOOD","RIVER FLOOD"
"522","RIVER FLOODING","RIVER FLOOD"
"523","ROCK SLIDE","ROCK SLIDE"
"524","ROGUE WAVE","ROGUE WAVE"
"525","ROTATING WALL CLOUD","ROTATING WALL CLOUD"
"526","ROUGH SEAS","ROUGH SEAS"
"527","ROUGH SURF","ROUGH SURF"
"528","RURAL FLOOD","FLOOD"
"529","SAHARAN DUST","SAHARAN DUST"
"530","SEASONAL SNOWFALL","SNOW"
"531","SEICHE","SEICHE"
"532","SEVERE COLD","COLD/WIND CHILL"
"533","SEVERE THUNDERSTORM","THUNDERSTORM"
"534","SEVERE THUNDERSTORM WINDS","THUNDERSTORM"
"535","SEVERE THUNDERSTORMS","THUNDERSTORM"
"536","SEVERE TURBULENCE","TURBULENCE"
"537","SLEET","SLEET"
"538","SLEET & FREEZING RAIN","SLEET"
"539","SLEET STORM","SLEET"
"540","SLEET/FREEZING RAIN","SLEET"
"541","SLEET/ICE STORM","SLEET"
"542","SLEET/RAIN/SNOW","SLEET"
"543","SLEET/SNOW","SLEET"
"544","SMALL HAIL","HAIL"
"545","SMALL STREAM","FLOOD"
"546","SMALL STREAM AND","FLOOD"
"547","SMALL STREAM AND URBAN FLOOD","FLOOD"
"548","SMALL STREAM AND URBAN FLOODIN","FLOOD"
"549","SMALL STREAM FLOOD","FLOOD"
"550","SMALL STREAM FLOODING","FLOOD"
"551","SMALL STREAM URBAN FLOOD","FLOOD"
"552","SMALL STREAM/URBAN FLOOD","FLOOD"
"553","SML STREAM FLD","FLOOD"
"554","SMOKE","SMOKE"
"555","SNOW","SNOW"
"556","SNOW ACCUMULATION","SNOW"
"557","SNOW ADVISORY","SNOW"
"558","SNOW AND COLD","SNOW"
"559","SNOW AND HEAVY SNOW","SNOW"
"560","SNOW AND ICE","SNOW"
"561","SNOW AND ICE STORM","SNOW"
"562","SNOW AND SLEET","SNOW"
"563","SNOW AND WIND","SNOW"
"564","SNOW DROUGHT","SNOW"
"565","SNOW FREEZING RAIN","SNOW"
"566","SNOW SHOWERS","SNOW"
"567","SNOW SLEET","SNOW"
"568","SNOW SQUALL","SNOW"
"569","SNOW SQUALLS","SNOW"
"570","SNOW- HIGH WIND- WIND CHILL","SNOW"
"571","SNOW/ BITTER COLD","SNOW"
"572","SNOW/ ICE","SNOW"
"573","SNOW/BLOWING SNOW","SNOW"
"574","SNOW/COLD","SNOW"
"575","SNOW/FREEZING RAIN","SNOW"
"576","SNOW/HEAVY SNOW","SNOW"
"577","SNOW/HIGH WINDS","SNOW"
"578","SNOW/ICE","SNOW"
"579","SNOW/ICE STORM","SNOW"
"580","SNOW/RAIN","SNOW"
"581","SNOW/RAIN/SLEET","SNOW"
"582","SNOW/SLEET","SNOW"
"583","SNOW/SLEET/FREEZING RAIN","SNOW"
"584","SNOW/SLEET/RAIN","SNOW"
"585","SNOWFALL RECORD","SNOW"
"586","SNOWMELT FLOODING","SNOW"
"587","SNOWSTORM","SNOW"
"588","SNOW\COLD","SNOW"
"589","SOUTHEAST","SOUTHEAST"
"590","STORM FORCE WINDS","STORM"
"591","STORM SURGE","STORM"
"592","STORM SURGE/TIDE","STORM"
"593","STREAM FLOODING","FLOOD"
"594","STREET FLOOD","FLOOD"
"595","STREET FLOODING","FLOOD"
"596","STRONG WIND","STRONG WIND"
"597","STRONG WIND GUST","STRONG WIND"
"598","STRONG WINDS","STRONG WIND"
"599","SUMMARY AUGUST 10","OTHER"
"600","SUMMARY AUGUST 11","OTHER"
"601","SUMMARY AUGUST 17","OTHER"
"602","SUMMARY AUGUST 2-3","OTHER"
"603","SUMMARY AUGUST 21","OTHER"
"604","SUMMARY AUGUST 28","OTHER"
"605","SUMMARY AUGUST 4","OTHER"
"606","SUMMARY AUGUST 7","OTHER"
"607","SUMMARY AUGUST 9","OTHER"
"608","SUMMARY JAN 17","OTHER"
"609","SUMMARY JULY 23-24","OTHER"
"610","SUMMARY JUNE 18-19","OTHER"
"611","SUMMARY JUNE 5-6","OTHER"
"612","SUMMARY JUNE 6","OTHER"
"613","SUMMARY OF APRIL 12","OTHER"
"614","SUMMARY OF APRIL 13","OTHER"
"615","SUMMARY OF APRIL 21","OTHER"
"616","SUMMARY OF APRIL 27","OTHER"
"617","SUMMARY OF APRIL 3RD","OTHER"
"618","SUMMARY OF AUGUST 1","OTHER"
"619","SUMMARY OF JULY 11","OTHER"
"620","SUMMARY OF JULY 2","OTHER"
"621","SUMMARY OF JULY 22","OTHER"
"622","SUMMARY OF JULY 26","OTHER"
"623","SUMMARY OF JULY 29","OTHER"
"624","SUMMARY OF JULY 3","OTHER"
"625","SUMMARY OF JUNE 10","OTHER"
"626","SUMMARY OF JUNE 11","OTHER"
"627","SUMMARY OF JUNE 12","OTHER"
"628","SUMMARY OF JUNE 13","OTHER"
"629","SUMMARY OF JUNE 15","OTHER"
"630","SUMMARY OF JUNE 16","OTHER"
"631","SUMMARY OF JUNE 18","OTHER"
"632","SUMMARY OF JUNE 23","OTHER"
"633","SUMMARY OF JUNE 24","OTHER"
"634","SUMMARY OF JUNE 3","OTHER"
"635","SUMMARY OF JUNE 30","OTHER"
"636","SUMMARY OF JUNE 4","OTHER"
"637","SUMMARY OF JUNE 6","OTHER"
"638","SUMMARY OF MARCH 14","OTHER"
"639","SUMMARY OF MARCH 23","OTHER"
"640","SUMMARY OF MARCH 24","OTHER"
"641","SUMMARY OF MARCH 24-25","OTHER"
"642","SUMMARY OF MARCH 27","OTHER"
"643","SUMMARY OF MARCH 29","OTHER"
"644","SUMMARY OF MAY 10","OTHER"
"645","SUMMARY OF MAY 13","OTHER"
"646","SUMMARY OF MAY 14","OTHER"
"647","SUMMARY OF MAY 22","OTHER"
"648","SUMMARY OF MAY 22 AM","OTHER"
"649","SUMMARY OF MAY 22 PM","OTHER"
"650","SUMMARY OF MAY 26 AM","OTHER"
"651","SUMMARY OF MAY 26 PM","OTHER"
"652","SUMMARY OF MAY 31 AM","OTHER"
"653","SUMMARY OF MAY 31 PM","OTHER"
"654","SUMMARY OF MAY 9-10","OTHER"
"655","SUMMARY SEPT. 25-26","OTHER"
"656","SUMMARY SEPTEMBER 20","OTHER"
"657","SUMMARY SEPTEMBER 23","OTHER"
"658","SUMMARY SEPTEMBER 3","OTHER"
"659","SUMMARY SEPTEMBER 4","OTHER"
"660","SUMMARY: NOV. 16","OTHER"
"661","SUMMARY: NOV. 6-7","OTHER"
"662","SUMMARY: OCT. 20-21","OTHER"
"663","SUMMARY: OCTOBER 31","OTHER"
"664","SUMMARY: SEPT. 18","OTHER"
"665","TEMPERATURE RECORD","OTHER"
"666","THUDERSTORM WINDS","THUDERSTORM WINDS"
"667","THUNDEERSTORM WINDS","THUDERSTORM WINDS"
"668","THUNDERESTORM WINDS","THUDERSTORM WINDS"
"669","THUNDERSNOW","THUNDERSNOW"
"670","THUNDERSNOW SHOWER","THUNDERSNOW"
"671","THUNDERSTORM","THUNDERSTORM"
"672","THUNDERSTORM  WINDS","THUNDERSTORM"
"673","THUNDERSTORM DAMAGE","THUNDERSTORM"
"674","THUNDERSTORM DAMAGE TO","THUNDERSTORM"
"675","THUNDERSTORM HAIL","THUNDERSTORM"
"676","THUNDERSTORM W INDS","THUNDERSTORM"
"677","THUNDERSTORM WIND","THUNDERSTORM"
"678","THUNDERSTORM WIND (G40)","THUNDERSTORM"
"679","THUNDERSTORM WIND 50","THUNDERSTORM"
"680","THUNDERSTORM WIND 52","THUNDERSTORM"
"681","THUNDERSTORM WIND 56","THUNDERSTORM"
"682","THUNDERSTORM WIND 59","THUNDERSTORM"
"683","THUNDERSTORM WIND 59 MPH","THUNDERSTORM"
"684","THUNDERSTORM WIND 59 MPH.","THUNDERSTORM"
"685","THUNDERSTORM WIND 60 MPH","THUNDERSTORM"
"686","THUNDERSTORM WIND 65 MPH","THUNDERSTORM"
"687","THUNDERSTORM WIND 65MPH","THUNDERSTORM"
"688","THUNDERSTORM WIND 69","THUNDERSTORM"
"689","THUNDERSTORM WIND 98 MPH","THUNDERSTORM"
"690","THUNDERSTORM WIND G50","THUNDERSTORM"
"691","THUNDERSTORM WIND G51","THUNDERSTORM"
"692","THUNDERSTORM WIND G52","THUNDERSTORM"
"693","THUNDERSTORM WIND G55","THUNDERSTORM"
"694","THUNDERSTORM WIND G60","THUNDERSTORM"
"695","THUNDERSTORM WIND G61","THUNDERSTORM"
"696","THUNDERSTORM WIND TREES","THUNDERSTORM"
"697","THUNDERSTORM WIND.","THUNDERSTORM"
"698","THUNDERSTORM WIND/ TREE","THUNDERSTORM"
"699","THUNDERSTORM WIND/ TREES","THUNDERSTORM"
"700","THUNDERSTORM WIND/AWNING","THUNDERSTORM"
"701","THUNDERSTORM WIND/HAIL","THUNDERSTORM"
"702","THUNDERSTORM WIND/LIGHTNING","THUNDERSTORM"
"703","THUNDERSTORM WINDS","THUNDERSTORM"
"704","THUNDERSTORM WINDS      LE CEN","THUNDERSTORM"
"705","THUNDERSTORM WINDS 13","THUNDERSTORM"
"706","THUNDERSTORM WINDS 2","THUNDERSTORM"
"707","THUNDERSTORM WINDS 50","THUNDERSTORM"
"708","THUNDERSTORM WINDS 52","THUNDERSTORM"
"709","THUNDERSTORM WINDS 53","THUNDERSTORM"
"710","THUNDERSTORM WINDS 60","THUNDERSTORM"
"711","THUNDERSTORM WINDS 61","THUNDERSTORM"
"712","THUNDERSTORM WINDS 62","THUNDERSTORM"
"713","THUNDERSTORM WINDS 63 MPH","THUNDERSTORM"
"714","THUNDERSTORM WINDS AND","THUNDERSTORM"
"715","THUNDERSTORM WINDS FUNNEL CLOU","THUNDERSTORM"
"716","THUNDERSTORM WINDS G","THUNDERSTORM"
"717","THUNDERSTORM WINDS G60","THUNDERSTORM"
"718","THUNDERSTORM WINDS HAIL","THUNDERSTORM"
"719","THUNDERSTORM WINDS HEAVY RAIN","THUNDERSTORM"
"720","THUNDERSTORM WINDS LIGHTNING","THUNDERSTORM"
"721","THUNDERSTORM WINDS SMALL STREA","THUNDERSTORM"
"722","THUNDERSTORM WINDS URBAN FLOOD","THUNDERSTORM"
"723","THUNDERSTORM WINDS.","THUNDERSTORM"
"724","THUNDERSTORM WINDS/ FLOOD","THUNDERSTORM"
"725","THUNDERSTORM WINDS/ HAIL","THUNDERSTORM"
"726","THUNDERSTORM WINDS/FLASH FLOOD","THUNDERSTORM"
"727","THUNDERSTORM WINDS/FLOODING","THUNDERSTORM"
"728","THUNDERSTORM WINDS/FUNNEL CLOU","THUNDERSTORM"
"729","THUNDERSTORM WINDS/HAIL","THUNDERSTORM"
"730","THUNDERSTORM WINDS/HEAVY RAIN","THUNDERSTORM"
"731","THUNDERSTORM WINDS53","THUNDERSTORM"
"732","THUNDERSTORM WINDSHAIL","THUNDERSTORM"
"733","THUNDERSTORM WINDSS","THUNDERSTORM"
"734","THUNDERSTORM WINS","THUNDERSTORM"
"735","THUNDERSTORMS","THUNDERSTORM"
"736","THUNDERSTORMS WIND","THUNDERSTORM"
"737","THUNDERSTORMS WINDS","THUNDERSTORM"
"738","THUNDERSTORMW","THUNDERSTORM"
"739","THUNDERSTORMW 50","THUNDERSTORM"
"740","THUNDERSTORMW WINDS","THUNDERSTORM"
"741","THUNDERSTORMWINDS","THUNDERSTORM"
"742","THUNDERSTROM WIND","THUNDERSTORM"
"743","THUNDERSTROM WINDS","THUNDERSTORM"
"744","THUNDERTORM WINDS","THUNDERSTORM"
"745","THUNDERTSORM WIND","THUNDERSTORM"
"746","THUNDESTORM WINDS","THUNDERSTORM"
"747","THUNERSTORM WINDS","THUNDERSTORM"
"748","TIDAL FLOOD","TIDAL FLOOD"
"749","TIDAL FLOODING","TIDAL FLOOD"
"750","TORNADO","TORNADO"
"751","TORNADO DEBRIS","TORNADO"
"752","TORNADO F0","TORNADO"
"753","TORNADO F1","TORNADO"
"754","TORNADO F2","TORNADO"
"755","TORNADO F3","TORNADO"
"756","TORNADO/WATERSPOUT","TORNADO"
"757","TORNADOES","TORNADO"
"758","TORNADOES, TSTM WIND, HAIL","TORNADO"
"759","TORNADOS","TORNADO"
"760","TORNDAO","TORNADO"
"761","TORRENTIAL RAIN","HEAVY RAIN"
"762","TORRENTIAL RAINFALL","HEAVY RAIN"
"763","TROPICAL DEPRESSION","TROPICAL DEPRESSION"
"764","TROPICAL STORM","TROPICAL STORM"
"765","TROPICAL STORM ALBERTO","TROPICAL STORM"
"766","TROPICAL STORM DEAN","TROPICAL STORM"
"767","TROPICAL STORM GORDON","TROPICAL STORM"
"768","TROPICAL STORM JERRY","TROPICAL STORM"
"769","TSTM","TROPICAL STORM"
"770","TSTM HEAVY RAIN","TROPICAL STORM"
"771","TSTM WIND","TROPICAL STORM"
"772","TSTM WIND  (G45)","TROPICAL STORM"
"773","TSTM WIND (41)","TROPICAL STORM"
"774","TSTM WIND (G35)","TROPICAL STORM"
"775","TSTM WIND (G40)","TROPICAL STORM"
"776","TSTM WIND (G45)","TROPICAL STORM"
"777","TSTM WIND 40","TROPICAL STORM"
"778","TSTM WIND 45","TROPICAL STORM"
"779","TSTM WIND 50","TROPICAL STORM"
"780","TSTM WIND 51","TROPICAL STORM"
"781","TSTM WIND 52","TROPICAL STORM"
"782","TSTM WIND 55","TROPICAL STORM"
"783","TSTM WIND 65)","TROPICAL STORM"
"784","TSTM WIND AND LIGHTNING","TROPICAL STORM"
"785","TSTM WIND DAMAGE","TROPICAL STORM"
"786","TSTM WIND G45","TROPICAL STORM"
"787","TSTM WIND G58","TROPICAL STORM"
"788","TSTM WIND/HAIL","TROPICAL STORM"
"789","TSTM WINDS","TROPICAL STORM"
"790","TSTM WND","TROPICAL STORM"
"791","TSTMW","TROPICAL STORM"
"792","TSUNAMI","TSUNAMI"
"793","TUNDERSTORM WIND","THUNDERSTORM"
"794","TYPHOON","TYPHOON"
"795","UNSEASONABLE COLD","UNSEASONABLY COLD"
"796","UNSEASONABLY COLD","UNSEASONABLY COLD"
"797","UNSEASONABLY COOL","UNSEASONABLY COLD"
"798","UNSEASONABLY COOL & WET","UNSEASONABLY COLD"
"799","UNSEASONABLY DRY","UNSEASONABLY DRY"
"800","UNSEASONABLY HOT","UNSEASONABLY HOT"
"801","UNSEASONABLY WARM","UNSEASONABLY HOT"
"802","UNSEASONABLY WARM & WET","UNSEASONABLY HOT"
"803","UNSEASONABLY WARM AND DRY","UNSEASONABLY HOT"
"804","UNSEASONABLY WARM YEAR","UNSEASONABLY HOT"
"805","UNSEASONABLY WARM/WET","UNSEASONABLY HOT"
"806","UNSEASONABLY WET","UNSEASONABLY WET"
"807","UNSEASONAL LOW TEMP","UNSEASONABLY COLD"
"808","UNSEASONAL RAIN","UNSEASONAL RAIN"
"809","UNUSUAL WARMTH","HEAT"
"810","UNUSUAL/RECORD WARMTH","HEAT"
"811","UNUSUALLY COLD","COLD/WIND CHILL"
"812","UNUSUALLY LATE SNOW","COLD/WIND CHILL"
"813","UNUSUALLY WARM","HEAT"
"814","URBAN AND SMALL","FLOOD"
"815","URBAN AND SMALL STREAM","FLOOD"
"816","URBAN AND SMALL STREAM FLOOD","FLOOD"
"817","URBAN AND SMALL STREAM FLOODIN","FLOOD"
"818","URBAN FLOOD","FLOOD"
"819","URBAN FLOOD LANDSLIDE","FLOOD"
"820","URBAN FLOODING","FLOOD"
"821","URBAN FLOODS","FLOOD"
"822","URBAN SMALL","FLOOD"
"823","URBAN SMALL STREAM FLOOD","FLOOD"
"824","URBAN/SMALL","FLOOD"
"825","URBAN/SMALL FLOODING","FLOOD"
"826","URBAN/SMALL STREAM","FLOOD"
"827","URBAN/SMALL STREAM  FLOOD","FLOOD"
"828","URBAN/SMALL STREAM FLOOD","FLOOD"
"829","URBAN/SMALL STREAM FLOODING","FLOOD"
"830","URBAN/SMALL STRM FLDG","FLOOD"
"831","URBAN/SML STREAM FLD","FLOOD"
"832","URBAN/SML STREAM FLDG","FLOOD"
"833","URBAN/STREET FLOODING","FLOOD"
"834","VERY DRY","DRY"
"835","VERY WARM","HEAT"
"836","VOG","FOG"
"837","VOLCANIC ASH","VOLCANIC ERUPTION"
"838","VOLCANIC ASH PLUME","VOLCANIC ERUPTION"
"839","VOLCANIC ASHFALL","VOLCANIC ERUPTION"
"840","VOLCANIC ERUPTION","VOLCANIC ERUPTION"
"841","WAKE LOW WIND","WAKE LOW WIND"
"842","WALL CLOUD","WALL CLOUD"
"843","WALL CLOUD/FUNNEL CLOUD","WALL CLOUD"
"844","WARM DRY CONDITIONS","HEAT"
"845","WARM WEATHER","HEAT"
"846","WATER SPOUT","WATERSPOUT"
"847","WATERSPOUT","WATERSPOUT"
"848","WATERSPOUT FUNNEL CLOUD","WATERSPOUT"
"849","WATERSPOUT TORNADO","WATERSPOUT"
"850","WATERSPOUT-","WATERSPOUT"
"851","WATERSPOUT-TORNADO","WATERSPOUT"
"852","WATERSPOUT/","WATERSPOUT"
"853","WATERSPOUT/ TORNADO","WATERSPOUT"
"854","WATERSPOUT/TORNADO","WATERSPOUT"
"855","WATERSPOUTS","WATERSPOUT"
"856","WAYTERSPOUT","WATERSPOUT"
"857","WET MICOBURST","WET MICROBURST"
"858","WET MICROBURST","WET MICROBURST"
"859","WET MONTH","WET MICROBURST"
"860","WET SNOW","WET MICROBURST"
"861","WET WEATHER","WET MICROBURST"
"862","WET YEAR","WET MICROBURST"
"863","WHIRLWIND","WHIRLWIND"
"864","WILD FIRES","WILD/FOREST FIRE"
"865","WILD/FOREST FIRE","WILD/FOREST FIRE"
"866","WILD/FOREST FIRES","WILD/FOREST FIRE"
"867","WILDFIRE","WILD/FOREST FIRE"
"868","WILDFIRES","WILD/FOREST FIRE"
"869","WIND","WIND"
"870","WIND ADVISORY","WIND"
"871","WIND AND WAVE","WIND"
"872","WIND CHILL","WIND"
"873","WIND CHILL/HIGH WIND","WIND"
"874","WIND DAMAGE","WIND"
"875","WIND GUSTS","WIND"
"876","WIND STORM","WIND"
"877","WIND/HAIL","WIND"
"878","WINDS","WIND"
"879","WINTER MIX","COLD/WIND CHILL"
"880","WINTER STORM","WINTER STORM"
"881","WINTER STORM HIGH WINDS","WINTER STORM"
"882","WINTER STORM/HIGH WIND","WINTER STORM"
"883","WINTER STORM/HIGH WINDS","WINTER STORM"
"884","WINTER STORMS","WINTER STORM"
"885","WINTER WEATHER","COLD/WIND CHILL"
"886","WINTER WEATHER MIX","COLD/WIND CHILL"
"887","WINTER WEATHER/MIX","COLD/WIND CHILL"
"888","WINTERY MIX","COLD/WIND CHILL"
"889","WINTRY MIX","COLD/WIND CHILL"
"890","WND","WIND"
